{
    "model_name": "MobileNetV3 Small transfer learning",
    "device": "mps",
    "image_size": 224,
    "batch_size": 32,
    "maximum_epochs": 15,
    "epochs_completed": 14,
    "best_epoch": 10,
    "best_validation_macro_f1": 0.9457350029639006,
    "learning_rate": 0.0001,
    "weight_decay": 0.0001,
    "training_images": 1506,
    "validation_metrics": {
        "split": "validation",
        "number_of_images": 323,
        "loss": 0.09359988375915966,
        "accuracy": 0.9752321981424149,
        "macro_precision": 0.9200147167034585,
        "macro_recall": 0.9822222222222222,
        "macro_f1": 0.9457350029639006,
        "weighted_precision": 0.9803094608355715,
        "weighted_recall": 0.9752321981424149,
        "weighted_f1": 0.9763292143635158
    },
    "test_metrics": {
        "split": "test",
        "number_of_images": 323,
        "loss": 0.09413890123318022,
        "accuracy": 0.9628482972136223,
        "macro_precision": 0.9114695340501792,
        "macro_recall": 0.9733333333333333,
        "macro_f1": 0.9366214730040898,
        "weighted_precision": 0.9684044076034487,
        "weighted_recall": 0.9628482972136223,
        "weighted_f1": 0.9636323459984543
    },
    "runtime_seconds": 69.09637475013733
}