{
    "model_name": "Combined word and character TF-IDF with Logistic Regression",
    "training_questions": 240,
    "evaluation_questions": 48,
    "number_of_intents": 6,
    "confidence_threshold": 0.55,
    "evaluation_metrics": {
        "accuracy": 0.7083333333333334,
        "macro_precision": 0.7589336589336589,
        "macro_recall": 0.7083333333333334,
        "macro_f1": 0.7054274701333524,
        "weighted_precision": 0.7589336589336589,
        "weighted_recall": 0.7083333333333334,
        "weighted_f1": 0.7054274701333524
    },
    "cross_validation_macro_f1_mean": 0.9780392156862746,
    "cross_validation_macro_f1_std": 0.03443048916738161,
    "cross_validation_scores": [
        0.9790849673202615,
        1.0,
        1.0,
        0.9111111111111111,
        1.0
    ],
    "accepted_prediction_coverage": 0.4583333333333333,
    "accepted_prediction_accuracy": 0.9545454545454546
}