,precision,recall,f1-score,support
Potato___Early_blight,0.9933774834437086,1.0,0.9966777408637874,150.0
Potato___Late_blight,1.0,0.9466666666666667,0.9726027397260274,150.0
Potato___healthy,0.7666666666666667,1.0,0.8679245283018868,23.0
accuracy,0.9752321981424149,0.9752321981424149,0.9752321981424149,0.9752321981424149
macro avg,0.9200147167034585,0.9822222222222222,0.9457350029639006,323.0
weighted avg,0.9803094608355715,0.9752321981424149,0.9763292143635158,323.0
