,precision,recall,f1-score,support
Potato___Early_blight,0.967741935483871,1.0,0.9836065573770492,150.0
Potato___Late_blight,1.0,0.92,0.9583333333333334,150.0
Potato___healthy,0.7666666666666667,1.0,0.8679245283018868,23.0
accuracy,0.9628482972136223,0.9628482972136223,0.9628482972136223,0.9628482972136223
macro avg,0.9114695340501792,0.9733333333333333,0.9366214730040898,323.0
weighted avg,0.9684044076034487,0.9628482972136223,0.9636323459984543,323.0
