language,questions,accuracy,macro_precision,macro_recall,macro_f1,weighted_precision,weighted_recall,weighted_f1
English,24,0.7916666666666666,0.8361111111111111,0.7916666666666666,0.790079365079365,0.8361111111111111,0.7916666666666666,0.790079365079365
Nepali,24,0.625,0.7569444444444443,0.625,0.6206349206349207,0.7569444444444443,0.625,0.6206349206349207
