,precision,recall,f1-score,support
Potato___Early_blight,0.9795918367346939,0.96,0.9696969696969697,150.0
Potato___Late_blight,0.8963414634146342,0.98,0.9363057324840764,150.0
Potato___healthy,1.0,0.5217391304347826,0.6857142857142857,23.0
accuracy,0.9380804953560371,0.9380804953560371,0.9380804953560371,0.9380804953560371
macro avg,0.9586444333831093,0.8205797101449276,0.8639056626317773,323.0
weighted avg,0.9423838855182638,0.9380804953560371,0.9339685260018128,323.0
