,precision,recall,f1-score,support
Potato___Early_blight,0.9793103448275862,0.9466666666666667,0.9627118644067797,150.0
Potato___Late_blight,0.8909090909090909,0.98,0.9333333333333333,150.0
Potato___healthy,1.0,0.5652173913043478,0.7222222222222222,23.0
accuracy,0.934984520123839,0.934984520123839,0.934984520123839,0.934984520123839
macro avg,0.9567398119122257,0.8306280193236715,0.8727558066541118,323.0
weighted avg,0.9397303881130078,0.934984520123839,0.9319439342790341,323.0
