model,test_images,accuracy_percent,macro_precision_percent,macro_recall_percent,macro_f1_percent,weighted_f1_percent,runtime_seconds,model_size_mb
Baseline HOG + SVM,323,93.80804953560371,95.86444333831093,82.05797101449276,86.39056626317773,93.39685260018128,9.240272283554077,16.950961112976074
MobileNetV3 Transfer Learning,323,96.28482972136223,91.14695340501791,97.33333333333333,93.66214730040898,96.36323459984543,69.09637475013733,5.930056571960449
