metric,baseline_percent,advanced_percent,difference_percentage_points
accuracy_percent,93.80804953560371,96.28482972136223,2.476780185758514
macro_precision_percent,95.86444333831093,91.14695340501791,-4.717489933293024
macro_recall_percent,82.05797101449276,97.33333333333333,15.275362318840564
macro_f1_percent,86.39056626317773,93.66214730040898,7.271581037231243
weighted_f1_percent,93.39685260018128,96.36323459984543,2.9663819996641507
