{
    "model_name": "Character TF-IDF and Logistic Regression",
    "total_questions": 72,
    "training_questions": 54,
    "test_questions": 18,
    "number_of_intents": 6,
    "accuracy": 0.4444444444444444,
    "macro_precision": 0.46527777777777773,
    "macro_recall": 0.47222222222222215,
    "macro_f1": 0.41630591630591623,
    "weighted_precision": 0.4375,
    "weighted_recall": 0.4444444444444444,
    "weighted_f1": 0.38852813852813856,
    "cross_validation_macro_f1_mean": 0.5992063492063492,
    "cross_validation_macro_f1_std": 0.061275803641135294
}